FECHA,Sum_COSTE_MP,Sum_COSTE_TAPIZADO,Sum_DTO_LINEAS,Sum_DTO_PP,Sum_I_BRUTO,Sum_I_COMISION,Sum_IMPORTE_LINEA,Sum_MARGEN_BRUTO,Sum_MARGEN_LINEA,Sum_NUMERO_PLAZAS,Sum_UNIDADES,Pro_HIPOTECA,Pro_INCIDENCIAS,Pro_PIB,Pro_TASA_PARO
2019-01-07,10922.959999999997,3801.7600000000007,111.07852459016391,12.878524590163938,1552.6003278688524,56.99803278688525,22052.010000000002,1428.643606557377,11129.140000000001,8325,66,2437.21,54.92,22548.05,15.99
2019-01-08,11589.970000000003,3534.1999999999985,60.883870967741956,13.322580645161292,1117.5459677419356,47.16983870967741,26385.36000000001,1043.3390322580644,14795.59,9425,65,1553.48,82.07,26044.06,12.8
2019-01-09,7419.34,1987.3500000000001,117.69513513513509,14.378648648648648,1232.2943243243244,43.77783783783783,16854.57,1100.2194594594594,9435.24,5900,40,2471,60.23,27238.54,12.21
2019-01-10,21573.76999999999,6387.270000000008,79.53983333333332,18.13508333333333,1177.47525,53.83675,48475.740000000034,1079.7989166666666,26902.13,19725,125,2174.91,53.18,23267.98,15.11
2019-01-11,7498.09,2175.5000000000005,123.91230769230769,12.025384615384615,1232.5076923076922,32.24820512820513,17564.479999999992,1096.57,10066.460000000001,6300,40,2470.77,57.38,27160.54,12.69
2019-01-14,9643.679999999998,2809.7099999999996,66.29408163265306,13.142857142857142,1088.625918367347,49.795102040816325,21966.030000000002,1009.1908163265307,12322.380000000001,8675,49,2050.04,41.45,23423.88,14.29
2019-01-15,8115.1,1904.1599999999999,58.77041666666667,14.84208333333334,1097.8799999999999,47.739583333333336,18325.920000000002,1024.2677083333333,10210.830000000002,7650,48,2196.12,53.29,23081.02,14.12
2019-01-16,10505.860000000004,2759.29,53.19145161290322,14.438225806451612,1193.0816129032257,52.23032258064516,24303.16,1125.4535483870968,13797.390000000001,9425,62,1714.39,83.58,26344.5,14.16
2019-01-17,18274.609999999997,5321.970000000001,83.71978723404258,19.41042553191489,1305.216595744681,54.251489361702134,43597.35,1202.086276595745,25322.879999999994,13550,96,2458.65,57.41,22361.33,17.25
2019-01-18,4304.79,2283.9199999999996,96.05999999999999,0,1233.737142857143,12.021428571428576,5562.139999999999,1137.6771428571428,1257.3700000000003,2100,25,2637.29,36.1,24863.57,14.18
2019-01-21,10069.49,3769.89,88.51369565217391,13.49326086956522,1379.7241304347826,63.966521739130435,20817.269999999997,1277.7171739130436,10747.839999999998,8025,47,1440.11,104.2,26088.54,13.72
2019-01-22,13858.199999999995,4077.2400000000007,73.65863013698632,19.094794520547943,1209.235068493151,51.29123287671233,31967.820000000007,1116.4808219178087,18109.789999999997,11450,74,2111.63,34.61,24171.86,14.67
2019-01-23,6828.629999999998,2286.3799999999997,104.47333333333336,4.535897435897437,1258.0946153846157,52.08230769230771,16076.360000000004,1149.084871794872,9247.750000000002,5075,40,2111.03,72.69,26779.13,13.96
2019-01-24,14506.210000000003,4880.340000000001,92.33612500000002,9.927374999999987,1333.153375,62.483125,33463.470000000016,1230.8908750000003,18957.390000000007,10600,86,1935.71,52.15,24820.68,14.44
2019-01-25,11575.960000000003,2914.2299999999987,108.35758064516128,12.589354838709678,1414.7525806451615,69.1316129032258,26980.080000000013,1293.8051612903228,15404.169999999998,10775,64,2302.05,73.69,25797.15,13.13
2019-01-28,10957.83,2425.7799999999997,81.16123076923077,18.027692307692313,1119.1084615384616,45.81461538461539,28347.690000000002,1019.9206153846154,17389.880000000005,9500,67,2258.57,42.88,24428.65,14.52
2019-01-29,11468.969999999994,3641.0799999999986,67.32381818181821,15.378909090909085,1128.8345454545454,49.70327272727273,24881.94000000001,1046.1334545454547,13413.050000000001,9800,55,2324.73,31.58,23690.38,15.27
2019-01-30,8769.67,2749.1799999999994,65.95844444444444,6.808666666666671,1063.88,48.08733333333333,19611.18,991.1115555555556,10841.549999999997,7725,48,1541.82,90.51,26433.11,13.02
2019-01-31,21279.700000000004,7492.629999999998,139.45644230769233,34.511153846153825,1621.9789423076923,64.22432692307692,47624.72999999996,1448.0112500000002,26345.230000000003,15250,109,1742.06,62.37,25048.42,14.4
2019-02-01,4713.25,1343.3099999999995,86.93692307692308,12.88961538461539,1145.1807692307693,39.14884615384615,10572.58,1045.3546153846155,5859.369999999999,3625,27,2539.04,43,25425.5,14.18
2019-02-04,9895.249999999998,2106.640000000001,65.51823529411764,17.30039215686275,1182.479411764706,61.86254901960785,23898.87000000001,1099.6623529411766,14003.69,7800,52,2026.51,26.96,25060.47,12.49
2019-02-05,13193.72,5065.349999999997,95.29772727272727,5.251212121212136,1961.7363636363634,91.58878787878787,25335.899999999994,1861.1866666666665,12142.340000000002,9650,77,3022.24,40.35,24795.05,14.69
2019-02-06,11537.670000000004,3986.2600000000007,104.39887096774196,11.27677419354839,1442.4730645161285,57.825322580645164,26201.469999999994,1326.7972580645164,14663.86,10050,66,2032.73,70.52,25998.32,14.89
2019-02-07,16998.749999999996,5124.699999999997,81.52666666666667,15.473095238095238,1170.7470238095236,51.16273809523809,37399.8,1073.747380952381,20401.19,15225,85,1766.48,76.01,25805.89,13.94
2019-02-08,5194.049999999999,1329.13,115.26461538461538,14.575,1335.5565384615384,52.06769230769231,12652.81,1205.7188461538462,7458.770000000002,3900,26,1829.15,32.68,24833.5,12.68
2019-02-11,18201.559999999998,5601.579999999993,239.9023999999999,16.346099999999993,2138.4166999999998,75.8332,43441.63999999997,1882.1672000000003,25240.13999999998,14625,100,2239.12,64.06,27182.8,13.48
2019-02-12,11293.610000000002,3362.530000000001,82.01423728813559,21.336779661016944,1055.919661016949,37.57813559322034,24851.13,952.5679661016949,13557.610000000002,10225,62,2387.68,42.64,24897.59,14.98
2019-02-13,9358.810000000003,3173.8499999999985,100.2751020408163,17.205306122448977,1148.895306122449,39.299183673469386,19649.93,1031.4144897959184,10291.209999999995,7625,52,1370.33,125.39,26983.43,12.96
2019-02-14,11150.029999999999,2476.869999999999,99.8940322580645,29.904838709677424,1553.9604838709677,70.77258064516128,25681.649999999998,1424.1616129032257,14531.68,11525,64,1837.13,52.72,27662.15,12.09
2019-02-15,12432.419999999995,3451.0499999999993,68.03242424242426,16.655757575757576,970.031212121212,37.37015151515152,29431.449999999997,885.345,16999.09,11775,67,2102.5,62.44,25207.12,14.54
2019-02-18,10059.7,1829.6800000000012,64.35406779661017,6.7054237288135585,1063.0672881355931,47.234406779661015,25712.98000000001,992.0071186440678,15653.349999999997,8400,61,1972.22,42.54,24728.49,13.9
2019-02-19,11462.59,3639.6100000000015,69.52034482758621,18.280172413793103,1145.9027586206896,52.76913793103449,26359.470000000005,1058.1025862068968,14896.919999999998,10050,58,2088,29,23478.76,14.14
2019-02-20,7343.56,2104.7900000000013,70.96162162162162,6.848378378378378,953.3589189189189,48.14702702702702,17614.24,875.5483783783784,10270.72,5875,37,1657.11,59.41,26305.19,13.09
2019-02-21,12323.179999999998,3233.3500000000004,61.67984375,11.1115625,1223.0889062499998,61.5653125,30056.730000000003,1150.29625,17733.709999999995,8925,69,2209.61,36.42,24012.28,14.45
2019-02-22,21053.190000000006,7167.960000000001,292.1563636363639,37.56989898989897,2873.3437373737383,52.88181818181819,41157.590000000004,2543.616666666669,20104.42,17400,102,2546.49,75.61,26117.36,12.85
2019-02-25,7688.890000000002,1601.0299999999997,72.12191489361702,4.271702127659576,974.8972340425532,42.04829787234043,19031.91,898.5051063829787,11343.100000000002,7150,51,1772.85,73.26,24748.36,13.97
2019-02-26,18025.600000000002,6022.439999999997,89.9451724137931,19.50321839080461,1278.0328735632186,48.090689655172405,40405.99000000001,1168.5829885057472,22380.609999999997,13675,97,2337.63,40.4,22167.51,15.79
2019-02-27,7080.979999999999,2044.3200000000004,85.147380952381,14.092619047619042,1188.7514285714287,35.3802380952381,15093.599999999997,1089.5116666666665,8012.74,6125,47,2080.48,47.76,25092.02,13.4
2019-02-28,12326.849999999993,3096.2599999999984,69.14476923076923,15.061230769230768,1051.037076923077,51.05138461538462,29127.36,966.830923076923,16800.579999999998,10750,67,1787,58.03,25840.43,13.67
2019-03-01,15253.810000000005,5394.460000000002,84.86236111111111,11.34388888888889,1330.5815277777779,59.03763888888889,32098.52,1234.375138888889,16844.929999999997,11675,81,2189.79,40.33,26936.19,12.54
2019-03-04,4986.899999999998,1006.58,106.19548387096773,6.139999999999999,858.0116129032258,29.244516129032256,12133.039999999995,745.6767741935485,7146.2,6000,31,2345.16,24.45,27835.84,14.17
2019-03-05,16060.820000000002,5855.7699999999995,74.12734177215192,9.738354430379749,1250.7987341772155,47.644303797468346,33626.22,1166.9322784810129,17565.559999999998,11900,97,1928.38,67.59,26938.82,12.71
2019-03-06,5945.819999999999,1304.7600000000002,112.85657142857144,11.686285714285713,1152.7617142857143,42.71114285714285,15097.830000000004,1028.2174285714286,9152.100000000002,4175,38,2631.29,75.14,24931.69,15.22
2019-03-07,11271.299999999994,2462.7,93.0557352941176,15.423088235294117,1532.7944117647057,69.45764705882353,26530.5,1424.314411764706,15259.250000000005,10500,72,2294.71,36.83,22228.12,16.33
2019-03-08,31555.310000000005,9033.959999999992,2731.041948051943,260.9517532467529,15883.58298701299,633.0395454545453,68126.64000000001,12891.610649350669,36571.61000000004,26200,168,2249.01,78.62,23827.03,13.19
2019-03-11,15449.55,5186.190000000002,95.58949367088607,23.74417721518988,1307.101518987342,51.55227848101265,35054.06000000001,1187.7679746835443,19604.68,11000,84,2028.13,51,24991.32,14.32
2019-03-12,15446.700000000006,3753.7899999999995,128.03988636363633,49.63693181818182,1749.9159090909093,81.3915909090909,36536.51999999998,1572.2363636363634,21090.09,14075,91,2389.17,39.66,23002.19,14.56
2019-03-13,2190.3999999999996,300.53,38.09615384615385,7.269230769230768,988.1423076923077,46.309230769230766,5465.6100000000015,942.7769230769231,3275.21,2200,14,1792.85,15.3,23781,13.27
2019-03-14,14283.860000000004,5316.79,82.49545454545455,15.721666666666668,1159.7827272727272,52.47484848484848,27290.069999999996,1061.5672727272727,13006.34,11150,70,2248.71,53.68,25937.27,14
2019-03-15,9289.259999999998,3098.8800000000006,39.13090909090909,16.285,2430.426818181819,112.2497727272727,20800.56000000001,2375.0122727272733,11511.300000000001,7975,44,2229.2,42.12,24061.45,16.25
2019-03-20,10606.289999999997,3879.2200000000007,62.5548,6.611800000000001,1053.8148,42.8934,22861.790000000005,984.6478,12255.589999999998,9050,55,2081.82,59.89,25782.58,13.25
2019-03-21,10267.34,2832.1399999999985,70.78910714285713,10.449107142857144,1020.6648214285713,45.43142857142859,23651.909999999996,939.4285714285714,13384.710000000005,8600,57,1924.39,49.41,24082.62,14.3
2019-03-22,10393.289999999997,2510.719999999999,78.46000000000002,11.948983050847454,1119.274576271186,44.034406779661026,25024.680000000004,1028.8669491525425,14631.449999999997,9600,59,2297.56,42.83,23383.54,15.76
2019-03-25,9571.16,2920.0599999999986,80.44527272727272,9.983818181818185,1064.542909090909,50.20145454545454,21928.32000000001,974.1145454545455,12357.249999999996,8000,58,1581.71,50.95,24542.04,13.88
2019-03-26,17403.71,7059.340000000002,97.33069444444445,17.573472222222218,1523.0630555555558,71.43263888888886,34922.35,1408.1584722222224,17518.839999999997,10825,75,2251.97,43.83,25859.85,13.43
2019-03-27,22971.109999999993,7796.620000000002,157.37401785714283,53.1182142857143,1864.6093749999998,78.45758928571428,49263.85,1654.1180357142857,26292.879999999997,19300,120,1838.4,95.08,26257.42,13.31
2019-03-28,11254.930000000002,2830.7999999999997,72.394,10.78816666666667,1278.573,58.98083333333334,25981.61999999999,1195.3926666666666,14726.77000000001,8950,64,2229.97,24.95,24671.37,13.94
2019-03-29,6749.6399999999985,2326.6800000000003,65.7691891891892,8.441621621621621,1091.7843243243244,41.86108108108108,14291.940000000004,1017.5740540540543,7542.329999999999,5775,37,1973.84,83.68,26407.62,14.36
2019-04-01,12656.270000000006,3839.179999999998,59.53197183098594,7.4416901408450755,1178.54,51.79999999999999,27766.359999999993,1111.5671830985918,15110.119999999997,10475,76,2469.32,43.31,24294.06,15.49
2019-04-02,14613.019999999995,4503.130000000002,64.2118987341772,13.495443037974683,1023.7974683544303,50.850759493670886,33181.94999999999,946.0903797468355,18569.049999999992,12850,80,2270.41,38.68,24936.59,14.44
2019-04-03,7016.59,2309.469999999999,66.66131578947369,11.462368421052634,1066.9389473684212,43.46842105263158,14980.58,988.8171052631578,7964.039999999999,6125,38,2565.76,28.68,25023.32,13.85
2019-04-04,22374.539999999997,12419.150000000001,73.02040000000002,10.0524,960.9488,37.227066666666666,30387.239999999998,877.8754666666667,8012.809999999996,11800,80,2096.83,80.15,24898.43,13.56
2019-04-05,6577.329999999999,2436.1100000000006,60.94466666666668,9.755999999999998,1218.336,63.02866666666666,14258.880000000003,1147.6346666666664,7681.64,4300,30,2290,30.3,24214.2,15.45
2019-04-08,13461.200000000004,5168.539999999995,213.39409836065576,84.81557377049175,2707.84524590164,108.3495081967213,26465.239999999998,2409.6344262295083,13004.049999999996,10025,63,2355.44,63.23,25591.13,13.01
2019-04-09,19309.319999999992,5296.9800000000005,112.82657657657646,29.00288288288287,1572.110810810811,73.6916216216216,44735.46,1430.2825225225229,25426.250000000004,16150,112,2157.03,58.19,24406.79,14.06
2019-04-10,12307.000000000002,5833.340000000002,95.13763636363636,10.136545454545454,1150.6850909090908,35.078727272727264,21002.480000000007,1045.4101818181816,8695.52,8100,60,1841.35,105.69,26526.49,13.35
2019-04-11,16463.79,3769.5599999999968,75.35999999999997,33.11306818181819,1269.9204545454543,58.37238636363637,37242.719999999994,1161.4459090909095,20779.24000000001,14900,95,2201.25,48.06,22650.44,14.85
2019-04-12,8792.92,2319.2900000000004,79.56041666666665,16.467291666666664,1102.0925,44.22104166666667,20196.06,1006.0675,11403.169999999996,7875,48,2023.48,75.65,25031.27,15.14
2019-04-15,13523.789999999999,4292.080000000001,73.83029411764704,12.457794117647062,1064.1829411764706,48.74970588235295,29572.020000000004,977.8967647058823,16048.360000000002,11325,70,2218.49,62.63,22825.79,15.65
2019-04-16,14534.67,4144.360000000002,113.13306666666666,40.71186666666668,1615.7922666666666,67.38399999999999,32572.510000000002,1461.9450666666664,18037.989999999994,13075,76,2484.68,47.28,23868.15,14.9
2019-04-17,4408.950000000001,2032.61,94.69411764705883,17.495294117647063,1508.650588235294,79.14470588235295,9259.26,1396.4623529411765,4850.32,3100,18,2025.53,66.12,23323.47,15.65
2019-04-23,1611.01,285.08,61.37111111111111,0,1148.2577777777778,28.126666666666672,4298.8,1086.8866666666668,2687.81,1400,9,2928.56,14.56,27805.44,13.83
2019-04-24,8412.19,3173.150000000001,199.6036363636363,2.055681818181818,2609.481818181819,60.45204545454545,16474.079999999998,2407.822499999999,8061.920000000001,6275,53,1581.89,25.2,25596.55,14.45
2019-04-25,16416.800000000003,4890.19,70.390875,9.581999999999999,1074.006,50.14525,36879.6,994.0316250000001,20462.939999999995,14600,86,2088.95,55.09,24393.71,14.04
2019-04-26,5897.130000000001,1876.2699999999998,113.43931034482759,3.296206896551724,1220.5531034482758,63.72931034482759,14081.22,1103.8172413793104,8184.110000000001,4050,31,1715.9,57.9,25225.76,13.03
2019-04-29,12174.840000000002,3618.140000000001,46.727580645161304,4.252903225806452,1108.2048387096772,59.56467741935484,26969.640000000007,1057.224516129032,14794.910000000003,9650,63,2492.11,25.12,23160.1,15.26
2019-04-30,18004.07000000001,5392.609999999998,63.24108695652174,9.06934782608696,1192.049347826087,55.90619565217391,40410.00000000001,1119.7385869565219,22406.190000000013,14850,99,1996.11,53.63,25321.39,14.21
2019-05-02,13346.529999999993,4205.629999999999,87.5678823529412,3.988705882352942,1640.57505882353,68.01270588235292,29095.319999999996,1549.0178823529413,15748.869999999997,9800,97,2528.66,28.64,23144.75,14.92
2019-05-03,13815.929999999995,4425.150000000001,81.58710144927535,16.384202898550726,1195.8023188405798,50.569420289855074,30608.34000000001,1097.833188405797,16792.530000000006,10925,71,2484.62,33.18,24216.96,15.11
2019-05-06,12614.94,4277.619999999997,73.88827586206897,11.613103448275861,1075.1027586206897,44.21396551724138,27484.95000000001,989.6010344827586,14870.120000000003,10700,62,2333.97,54.29,24530.59,14.56
2019-05-07,13006.139999999994,4477.3600000000015,129.4593103448276,59.14706896551722,2072.8810344827584,96.3298275862069,28874.4,1884.274827586207,15868.439999999999,8850,61,2201.98,46.28,23932.19,14.11
2019-05-08,14583.150000000003,3798.250000000002,56.60942028985506,12.388695652173912,1263.0330434782609,60.42057971014492,32072.999999999993,1194.033188405797,17489.949999999997,11150,73,1919.07,45.23,23994.86,14.29
2019-05-09,8989.44,2312.41,67.5488679245283,16.18169811320755,1021.2984905660377,46.25566037735849,20024.34,937.5694339622642,11034.96,8200,53,2284.57,48.71,25594.28,13.74
2019-05-10,4063.6799999999994,951.8100000000002,66.79958333333333,8.889583333333334,1034.4041666666667,34.24,9724.239999999998,958.7141666666666,5660.61,3700,24,3095.83,29,25883.29,13.92
2019-05-13,12042.07,4226.949999999999,80.71100000000003,11.485666666666663,1415.801,58.806333333333335,25189.950000000004,1323.6063333333334,13147.88,9575,67,2367.92,42.77,25531.75,14.12
2019-05-14,13058.500000000005,3523.340000000001,66.39567164179104,14.051641791044773,1190.3297014925374,55.21776119402985,30999.090000000004,1109.8822388059702,17940.659999999996,10200,69,2116.36,35.09,25406.9,14.08
2019-05-15,10739.110000000004,4089.600000000002,386.83479999999986,9.2202,2129.7264000000005,84.18540000000002,20918.040000000015,1733.6721999999995,10179.009999999998,8500,51,2070.58,95.52,23721.44,13.74
2019-05-16,5380.96,1933.0500000000002,87.86863636363637,7.258181818181818,956.7245454545455,41.16818181818182,9554.940000000002,861.5963636363635,4173.999999999999,3800,22,1453.23,35.05,25677.95,12.96
2019-05-20,13358.649999999994,3540.030000000003,427.62470588235306,137.57044117647067,3512.317941176471,145.36544117647068,29917.02,2947.119852941176,16558.640000000003,11175,71,2111.81,99.1,25373.94,11.72
2019-05-21,16598.929999999997,4427.7000000000035,158.67823529411766,25.32858823529412,2239.377882352941,92.00835294117647,35140.8,2055.369882352941,18542.07,16250,85,2215.32,41.34,22468.47,15
2019-05-22,11655.15,3209.3399999999997,87.08725806451613,11.814677419354833,1042.6120967741936,40.46532258064516,27108.650000000012,943.7083870967742,15453.609999999999,9975,67,2181.76,59.71,24903.16,13.01
2019-05-23,9394.199999999999,2435.6099999999997,80.56153846153846,11.987692307692306,992.7130769230769,32.23923076923077,21763.399999999994,900.1640384615384,12369.250000000002,8750,53,2371.42,61.8,24235.71,14.18
2019-05-24,16802.75,4853.309999999995,397.3179069767443,11.934186046511627,3099.4548837209304,38.48383720930232,37853.939999999966,2690.203720930233,21051.399999999987,14125,92,2362.02,55.67,24569.88,14.15
2019-05-27,9208.08,3080.949999999999,451.107105263158,227.32684210526318,5234.957368421052,222.17342105263162,17468.039999999997,4556.5081578947365,8260,7275,38,2189.71,84.03,25112.18,13.58
2019-05-28,12969.669999999996,3936.490000000001,75.74453125000001,16.04484375,1240.65375,54.26265624999999,29458.199999999986,1148.86453125,16488.6,10550,68,2087.69,39.84,24233.94,14.76
2019-05-29,6140.109999999998,1972.9699999999993,62.04911764705882,44.222647058823526,1295.5429411764705,79.16676470588234,14063.64,1189.270882352941,7923.590000000002,5300,35,2301.5,38.18,23375,14.45
2019-05-30,12803.390000000001,4425.450000000003,62.96813559322034,18.52694915254237,1218.7561016949153,54.324576271186444,29001.730000000007,1137.2596610169492,16198.380000000003,9975,61,2311.47,45.96,23697.75,15.23
2019-05-31,3060.6500000000005,511.89,107.47071428571428,12.376428571428573,1251.7992857142858,46.46071428571429,7202.8499999999985,1131.952142857143,4142.239999999999,2425,16,2413.29,101.64,26003.29,11.86
2019-06-03,14676.720000000003,4183.019999999998,67.83135135135136,12.357837837837838,1145.3067567567568,50.69418918918919,32954.4,1065.1182432432431,18277.840000000007,12650,77,2018.81,64.82,25894.31,13.7
2019-06-04,12246.190000000006,3732.56,63.149354838709684,10.71274193548387,1135.2096774193549,53.12064516129032,27132.3,1061.3482258064516,14886.190000000002,9475,62,1533.6,40.53,25028.21,14.31
2019-06-05,6271.679999999999,1911.8400000000004,60.27580645161291,8.903548387096773,1090.1109677419356,50.906451612903226,12796.74,1020.9290322580645,6525.08,5725,32,2284.45,40.81,23005.87,16.49
2019-06-06,16077.940000000002,4654.509999999999,68.65321428571428,12.08023809523809,1174.3035714285713,53.264880952380956,36524.62000000001,1093.5702380952382,20446.82000000001,13200,85,1942.33,48.15,24203.31,14.34
2019-06-07,7353.040000000002,1734.920000000001,74.82374999999999,7.637750000000002,1088.6490000000001,44.301,16734.6,1006.18725,9381.610000000002,6750,45,2524.62,39.38,22081.72,15.54
2019-06-11,11977.300000000003,3207.8299999999995,116.87523809523806,9.982539682539675,2127.7514285714283,100.923492063492,26913.42,2000.8926984126974,14936.25,10700,64,2299.24,24.79,22315.65,16.59
2019-06-12,12709.76,3997.890000000002,92.98810344827585,22.68379310344828,1415.1537931034486,58.50396551724137,28425.360000000004,1299.4808620689655,15715.650000000001,9525,70,2147.5,86.47,22944.78,16
2019-06-13,7936.649999999997,2222.53,96.32795454545453,18.758636363636363,1126.2968181818183,47.13772727272727,17835.78,1011.2113636363636,9899.14,7625,46,2231.23,67.11,21760.09,16.76
2019-06-14,17508.060000000005,4893.009999999996,183.4381521739131,71.31554347826089,2293.3110869565216,102.38228260869565,40895.12000000002,2038.5588043478265,23387.199999999997,14700,95,1818.28,69.7,25313.42,13.48
2019-06-17,15229.969999999992,3971.4200000000005,94.28354430379746,9.531392405063288,1843.0858227848103,92.8037974683544,32572.65,1739.270886075949,17342.739999999998,11550,83,2405.66,24.22,23712.18,14.24
2019-06-18,21243.379999999994,7041.870000000001,77.9602777777778,15.55388888888888,1165.9288888888889,51.913888888888884,47258.38000000002,1072.414351851852,26015.039999999997,15400,111,2030.15,61.83,24188.43,15.34
2019-06-19,10613.599999999999,3631.1199999999994,67.63254901960784,15.682745098039216,1239.9492156862746,59.33000000000002,22155.239999999994,1156.632549019608,11541.719999999996,7750,51,2369.47,42.08,23972.98,14.05
2019-06-20,22298.86999999999,6674.999999999998,233.91889908256883,95.06577981651373,2795.1003669724773,111.76633027522936,48242.38000000001,2466.1176146789,25943.629999999994,16975,113,2357.71,49.43,23415.87,15.05
2019-06-21,8586.080000000002,2514.450000000001,92.86782608695651,22.946304347826086,1047.6756521739128,25.691086956521747,18998.459999999995,931.8619565217389,10412.460000000001,6975,49,2292.2,76.52,23479.35,16.21
2019-06-24,15797.08,3541.2900000000004,67.60059523809524,10.568571428571431,1163.6335714285715,51.27392857142857,37342.71000000001,1085.4646428571427,21545.75999999999,13675,85,2185.04,51.34,22716.48,15.58
2019-06-25,11993.22,5645.090000000001,57.594799999999985,13.438400000000007,1056.943,51.8778,20177.28,985.9086,8184.120000000002,8300,52,1959.36,24.64,23232.2,13.93
2019-06-26,13589.849999999999,5185.540000000003,189.02852459016393,82.65590163934428,2699.0931147540987,127.16704918032787,28650.16,2427.4052459016393,15060.390000000001,10025,62,2253.74,47.75,24226.21,14.41
2019-06-27,6705.219999999998,2160.6700000000005,68.85282051282053,8.135128205128211,1434.1153846153845,71.3197435897436,15273.239999999998,1357.1274358974358,8568.030000000002,5525,45,2094,34.74,24505.38,14.26
2019-06-28,6794.78,2344.069999999999,69.25187500000001,17.044375,1131.305625,43.4378125,15592.700000000003,1045.0100000000002,8797.960000000001,6075,33,2252.16,43.06,25437.41,13.27
2019-07-01,4968.23,1457.01,83.5116,7.301999999999998,1105.9584,42.839200000000005,10834.740000000002,1015.1448,5866.530000000001,4000,25,2288.32,70.78,22153.88,16.53
2019-07-02,6764.619999999999,2030.2499999999995,85.34117647058824,16.36029411764706,1172.3735294117646,54.08617647058824,15036.819999999998,1070.6720588235294,8272.289999999999,4750,34,2080.59,28.41,27324.44,12.54
2019-07-03,6285.4000000000015,1908.7499999999998,94.0396551724138,11.032758620689656,1099.7834482758622,51.45275862068965,14406,994.7106896551724,8120.64,4900,30,2062.03,55.76,24476.34,13.5
2019-07-04,12010.840000000002,5564.659999999999,92.59113636363635,12.1425,1193.1859090909088,44.42863636363636,21110.4,1088.452727272727,9099.670000000002,6775,45,2057.11,70.66,25602.16,13.55
2019-07-05,7182.410000000003,1970.6100000000001,59.533,8.021249999999998,1001.8129999999999,50.47425,16758.399999999998,934.25875,9576.029999999999,6650,43,1626.98,48.65,24975.75,13.11
2019-07-08,5682.989999999998,2056.46,59.89033333333332,15.887666666666664,1110.677333333333,52.55900000000001,12118.580000000002,1034.8963333333334,6435.61,4425,31,1966.03,91.4,25259.77,12.92
2019-07-09,5269.099999999999,804.8299999999999,158.337,4.896333333333334,1289.1393333333333,59.84566666666667,12761.359999999995,1125.9060000000002,7492.3,5025,31,1955.27,14.17,22185.53,15.21
2019-07-10,2657.81,718.8199999999999,61.11933333333333,5.789333333333332,816.0666666666667,25.292666666666666,6868.080000000002,749.158,4210.299999999999,2300,15,2026.93,60.2,28459,12.44
2019-07-11,8092.029999999998,2311.54,91.39024390243902,16.084146341463416,1107.209756097561,35.679756097560976,17826.399999999998,999.7343902439025,9734.409999999998,7000,42,1963.61,83.41,26676.9,12.57
2019-07-12,2493.7500000000005,538.7199999999999,89.54846153846154,14.276153846153846,1103.5292307692307,54.47846153846154,6109.64,999.7023076923077,3615.91,2000,13,1903.31,24.92,25026.15,12.47
2019-07-15,2633.2200000000003,915.17,75.264,15.312000000000001,1146.16,53.278,6009.000000000002,1055.5853333333334,3375.8,2200,16,1784.47,103.8,25175.53,14.79
2019-07-16,5741.77,1800.0299999999995,83.88760000000002,12.6644,1381.3232,68.56,12943.68,1284.77,7201.9400000000005,4700,25,2149.68,39.52,23394.36,14.93
2019-07-17,8200.050000000001,1949.0600000000002,101.00558139534883,21.63162790697675,1438.8823255813954,54.43581395348837,18017.86,1316.2427906976743,9817.850000000002,6475,44,1857.56,106.77,25671.53,14.06
2019-07-18,4174.919999999999,903.6500000000002,83.1008,13.1732,1137.1968,49.8024,10228.600000000002,1040.924,6053.720000000001,3325,26,1890.36,32.6,26400.36,11.89
2019-07-19,9839.58,4827.500000000001,51.940000000000005,11.40857142857143,1021.9594285714286,52.03171428571429,15503.100000000002,958.6125714285714,5663.59,5900,37,2167.46,69.9,22298.57,15.63
2019-07-22,4975.1100000000015,1227.36,68.92866666666669,8.937666666666667,1223.9660000000001,49.41666666666667,11042.260000000002,1146.0986666666668,6067.239999999998,4325,30,1952.9,49.26,29036.33,10.72
2019-07-23,9029.839999999997,2396.0299999999997,45.61403846153846,9.361346153846153,931.9923076923076,47.39211538461538,21582.999999999993,877.016346153846,12553.24,8400,54,2275.04,42.9,23299.77,15.55
2019-07-24,5601.7699999999995,1442.2599999999998,52.59593749999998,19.7725,1069.6825,50.693749999999994,12968.400000000001,997.315,7366.67,4675,35,2594.66,38.72,25370.97,13.07
2019-07-25,11743.919999999998,6729.63,79.72138888888888,8.432499999999997,1212.1633333333334,57.627500000000005,16687.02,1124.0105555555556,4943.1399999999985,5825,37,2067.39,28.75,23298.08,16.42
2019-07-26,2352.38,577.4900000000001,111.70615384615388,3.425384615384615,752.6461538461539,24.65153846153846,5532,637.5161538461539,3179.66,2875,13,2449.77,74.54,23326.92,16.3
2019-07-30,11773.619999999999,4920.38,68.09313725490195,19.92627450980393,1030.7119607843138,36.98980392156863,20971.01,942.6915686274509,9197.43,7925,51,2386.98,69.58,23377.49,15.72
2019-08-01,9750.430000000004,3201.550000000001,60.93127659574469,11.167659574468082,1155.1625531914892,48.77382978723404,20631.080000000005,1083.064255319149,10880.749999999998,7850,50,2496.3,120.5,24567.89,15.63
2019-08-06,10674.849999999999,3361.4,91.17509090909091,13.914909090909092,1166.4545454545455,43.824909090909095,22427.999999999996,1061.365272727273,11753.230000000001,8850,57,2068.22,89.93,25420.49,14
2019-08-08,13812.52,3755.6699999999996,67.37125,10.512083333333338,1014.2783333333333,43.09319444444444,30343.8,936.3956944444444,16531.36999999999,11300,76,1764.46,68,25913.11,12.5
2019-08-23,15652.580000000002,4600.7699999999995,66.99939024390244,11.339634146341467,1064.5326829268292,47.2801219512195,36247.740000000005,986.194024390244,20595.319999999992,13400,87,2001.33,72.74,26253.7,13.98
2019-08-24,16557.050000000003,4452.769999999999,88.17400000000002,13.669222222222222,1043.466,39.51833333333333,38059.039999999986,941.6225555555557,21502.070000000003,15650,96,2488.23,70.54,24340.77,15.06
2019-08-27,1603,575.83,20.555000000000003,0,821.75,0,3151,801.195,1548.04,1400,12,3404,18,34041,11.89
2019-08-28,4531.79,1233.1000000000004,81.85380952380953,26.419523809523813,1099.68,51.854285714285716,10047.240000000003,991.4038095238095,5515.449999999999,3525,21,2453,73.81,23450.1,13.97
2019-08-29,14077.74,3653.189999999998,70.71855263157894,15.945921052631578,1098.6921052631578,46.834736842105265,33735.6,1012.0271052631579,19657.980000000003,10550,85,2033.78,87.86,24657.88,14.86
2019-08-30,10607.699999999999,2927.2000000000007,88.25150000000005,42.520166666666654,1291.2226666666666,66.28433333333334,25738.639999999996,1160.4518333333338,15130.95,10250,65,2372.42,51.13,22811.88,14.26
2019-09-02,5355.770000000002,1621.7099999999994,92.29714285714286,14.79535714285714,1412.577142857143,65.5807142857143,14200.92,1305.485,8845.15,4950,30,2086.21,93.57,24730.89,16.16
2019-09-03,18953.209999999995,5682.080000000001,93.19742574257427,18.065445544554457,1233.261188118812,45.34346534653465,44267.57999999999,1121.998514851485,25314.559999999998,15775,106,2289.62,42.53,23605.85,14.59
2019-09-04,23671.240000000016,10479.640000000005,92.5,14.129999999999995,1267.803263157895,57.17221052631578,44215.049999999996,1161.1716842105263,20543.850000000006,14700,99,2486.17,44.89,23636.05,15.91
2019-09-05,17465.64,9693.230000000001,67.51982758620692,11.84344827586207,1138.2324137931034,53.46948275862069,26140.880000000005,1058.8696551724138,8675.310000000001,9200,59,2361.81,30.34,24213.79,14.54
2019-09-06,15905.790000000003,8534.23,87.27383333333336,29.2835,1198.6666666666667,42.952999999999996,25997.2,1082.1096666666667,10091.510000000002,8650,63,1653.13,101.38,24786.23,14.07
2019-09-09,14313.259999999995,3662.040000000002,87.45337837837839,29.586891891891895,1132.0981081081081,48.04094594594594,32574.129999999994,1015.0568918918918,18260.949999999993,12500,80,2398.38,61.49,23690.16,13.5
2019-09-10,16999.719999999998,5768.030000000001,65.82734939759037,19.960843373493987,1103.0008433734938,49.3343373493976,36908.450000000004,1017.2127710843372,19908.829999999998,12200,94,2263.01,34.81,24153.41,14.62
2019-09-11,11816.84,3007.2500000000005,67.8858904109589,10.887534246575344,1448.1742465753423,60.535890410958906,26922.96,1369.400273972603,15106.329999999998,10125,74,2436.4,52.51,24759.77,15.2
2019-09-12,18115.84,7146.260000000003,1500.2622077922083,6.169220779220779,6419.927272727273,158.22259740259736,32113.200000000008,4913.494285714285,13997.419999999998,13250,78,1957.96,72.84,22083.17,16.67
2019-09-13,5757.869999999999,1399.37,66.3558064516129,8.18,1010.1316129032258,44.410000000000004,12985.169999999998,935.5964516129033,7227.34,5350,32,2191.94,75.19,27550,12.85
2019-09-17,11087.159999999998,2565.48,63.13460317460317,9.71365079365079,1189.437460317461,60.28031746031746,28107.639999999992,1116.5888888888892,17020.530000000002,9650,66,1851.79,46.63,23830.89,15.07
2019-09-18,13185.630000000003,3917.1500000000005,177.77199999999996,36.402461538461566,2428.636923076923,41.42630769230769,29545.640000000018,2214.468615384615,16360.039999999997,9750,70,1845.09,49.26,28402.68,11.96
2019-09-19,14360.270000000004,5668.549999999999,76.85461538461539,9.278307692307692,1205.9412307692307,55.82138461538461,27904.889999999996,1119.8098461538461,13544.71,11725,68,1604.38,42.61,27498.45,13.39
2019-09-20,4529.070000000001,1030.02,87.44038461538462,14.970384615384614,1207.446153846154,47.13999999999999,10407.6,1105.0346153846153,5878.570000000001,3275,26,2395.54,28.54,21666.88,16.95
2019-09-23,6832.229999999999,1985.8099999999993,109.74457142857143,15.749142857142852,1252.1828571428573,40.56485714285714,15609.000000000005,1126.6885714285713,8776.809999999998,5725,36,2282.86,55.09,27362.09,13.11
2019-09-24,10549.970000000003,5100.819999999997,3039.086410256409,1.724102564102564,10398.872820512819,369.33358974359,18287.320000000003,7358.062307692306,7737.380000000001,5600,42,2458.95,77.67,20267.08,15.37
2019-09-25,9773.140000000001,2866.4300000000003,143.4090196078431,8.692941176470587,1849.9537254901963,79.89725490196076,22447.920000000006,1697.8509803921565,12674.880000000003,9600,52,1889.31,66.8,24156.14,16.33
2019-09-26,13297.619999999995,4371.91,91.51656249999999,24.777031249999997,1403.6668750000001,62.254687499999974,29838.48000000001,1287.37453125,16540.899999999994,8850,68,1607.69,54.47,26454.58,13
2019-09-27,9990.43,2862.4200000000023,108.53175438596489,10.879999999999992,2050.140350877193,94.2621052631579,24449.600000000002,1930.7277192982458,14459.249999999996,8800,59,2238.32,105.06,21442.05,18.05
2019-09-30,17884.179999999993,5377.91,134.16100000000003,10.26877777777778,1800.556000000001,68.56311111111111,41813.63999999999,1656.1262222222224,23929.60000000001,14600,91,2362.64,103.24,21939.51,17.5
2019-10-01,9074.880000000005,2903.96,69.06770833333333,13.960625,1017.90375,46.37125000000001,20064.26,934.875625,10989.480000000001,7775,50,1941.27,56.91,24881.4,13.29
2019-10-02,8847.270000000002,3607.420000000003,110.49142857142851,9.282857142857145,1425.5,63.36285714285714,19924.799999999992,1305.7254761904762,11077.59,5850,42,2218.36,72.4,24947.55,14.52
2019-10-03,19971.39000000001,8057.250000000003,1293.3561176470598,109.7404705882353,9123.803176470588,207.7674117647058,41657.37,7720.708235294124,21686.050000000003,15850,87,2373.54,21.34,21817.67,17.77
2019-10-04,11685.259999999997,4523.07,108.39924528301886,11.988490566037743,1525.5192452830188,72.41962264150943,26789.679999999993,1405.1309433962263,15104.420000000002,8125,54,2132.74,24.42,23145.7,14.35
2019-10-07,18929.17,6192.470000000003,245.22528735632181,19.434712643678182,2740.044137931033,119.63022988505747,40592.920000000006,2475.3854022988507,21663.810000000005,14550,88,2329.75,46.74,23002.57,15.4
2019-10-08,24928.409999999996,10311.4,196.1706666666666,15.867333333333338,2218.496000000001,100.21123809523809,49432.6,2006.459619047619,24504.360000000008,16450,110,2584.13,83.28,23436.08,14.77
2019-10-09,13294.410000000003,3109.6299999999997,72.32428571428568,10.335142857142852,1116.650285714286,48.32828571428571,31441.559999999998,1033.9914285714287,18147.199999999993,11800,74,2033.99,59.61,22544.64,15.39
2019-10-10,14457.529999999995,4707.310000000002,82.18014492753623,21.072608695652164,1274.9176811594202,66.49420289855071,35640.079999999994,1171.6652173913042,21182.63000000001,13175,72,2314.96,51.12,21686.58,17.17
2019-10-11,24472.31,9665.320000000003,135.43734513274336,12.489823008849553,1537.6975221238945,66.26752212389381,46436.850000000006,1389.7700000000002,21964.580000000005,16225,123,2373.42,61.9,24841.2,14.29
2019-10-14,7672.609999999999,2607.0299999999997,461.31888888888886,7.662888888888888,2700.5873333333334,33.63933333333334,16855.47,2231.604888888888,9182.89,5775,57,1475.16,58.84,26033.4,13.61
2019-10-15,15246.710000000003,5421.749999999996,90.03012195121953,11.670731707317067,1237.33,53.22451219512195,33504.42,1135.6289024390244,18257.760000000002,10700,87,1920.87,50.38,26208.68,13.63
2019-10-16,5176.58,1340.7000000000005,92.16333333333334,12.513333333333364,1197.7303703703703,47.676296296296286,12588.92,1093.0518518518518,7412.370000000001,4575,30,2560.3,40.19,22186.41,16.2
2019-10-17,10384.859999999999,3331.6199999999985,61.3617307692308,26.415769230769232,1102.7765384615386,51.42134615384615,23195.460000000003,1014.9975,12810.699999999999,8325,53,2143.17,47.25,26138.02,12.75
2019-10-18,17471.800000000003,6112.56,147.2690243902439,9.473048780487808,2358.5218292682944,101.42658536585361,35530.51999999999,2201.780243902439,18058.750000000007,12650,85,2439.4,43.05,26934.45,11.97
2019-10-21,11809.700000000004,2965.4800000000037,179.1371186440678,7.939152542372884,1794.2062711864407,50.84694915254238,27813.91,1607.1306779661018,16004.239999999994,8800,64,2278.92,27.04,23802.97,14.19
2019-10-22,9758.219999999998,2885.249999999998,73.261,15.833799999999997,1193.4783999999997,62.5682,22823.799999999992,1104.3838,13065.58,6775,51,1792.88,38.1,25642.92,12.78
2019-10-23,6056.130000000001,1219.2099999999998,198.57235294117646,46.53382352941175,2715.8188235294124,157.80676470588236,15757.439999999999,2470.6997058823526,9701.320000000002,6150,35,1376.68,99.71,26682.15,12.05
2019-10-24,8006.47,2055.3899999999994,72.964,15.035777777777781,1152.791111111111,41.251111111111115,18617.2,1064.7895555555556,10610.789999999997,6775,46,2564.47,19.4,24390.29,14.53
2019-10-25,8123.430000000002,1810.220000000001,75.38511111111112,11.096888888888884,1210.7386666666666,61.122444444444454,19917.12000000001,1124.2573333333332,11793.78,7425,46,1676.29,52.72,25753.64,13.28
2019-10-28,12086.560000000003,5128.830000000001,94.78043478260867,12.054565217391303,1193.784347826087,49.86152173913044,21636.12,1086.95,9549.760000000004,8275,50,2238.59,93.24,24224.8,14.59
2019-10-29,16976.549999999992,5433.420000000003,93.39152777777774,19.184166666666677,1425.473333333333,65.34625,35598.56,1312.8961111111112,18622.13,12350,80,2474.25,82.59,22546.22,15.62
2019-10-30,12419.349999999995,3832.75,169.1,17.043548387096777,1682.6909677419355,44.085806451612896,28584.9,1496.547096774193,16165.67,9550,67,2097.95,70.72,23730.65,16.22
2019-10-31,14179.989999999996,4100.029999999999,133.48357142857137,12.752428571428574,1337.3920000000003,49.14885714285714,31187.799999999996,1191.1567142857143,17007.850000000002,13300,71,1890.11,41.84,25591.04,13.68
2019-11-04,7935.369999999997,1968.8400000000001,88.26724999999999,9.07275,1129.838,39.255500000000005,19300.499999999993,1032.4975,11365.15,7750,41,2551.18,35.88,24119.4,14.69
2019-11-05,25491.11999999999,8107.6900000000005,71.72631578947374,18.33345864661654,1342.952781954887,55.65270676691728,56238.35,1252.8938345864663,30747.350000000006,19750,141,2180.99,48.55,24357.39,14.58
2019-11-06,4830.679999999999,1353.5100000000002,63.7388,14.3944,1268.5120000000002,59.522000000000006,11300.800000000001,1190.3772,6470.180000000001,3775,30,2421.36,24.36,22382.28,15
2019-11-07,9797.49,3184.0200000000004,55.06696428571429,10.075178571428571,1096.3271428571425,52.325714285714284,22676.240000000005,1031.1851785714284,12878.78,7175,62,1710.02,31.27,25399.09,12.96
2019-11-08,6493.899999999997,1765.2199999999996,78.18833333333328,19.61366666666666,1298.8646666666668,57.93599999999999,15266.950000000004,1201.0629999999999,8773.100000000002,5075,38,2039.13,23.33,27012.7,12.98
2019-11-11,6516.8200000000015,1780.45,66.4358064516129,17.92806451612903,1207.5216129032256,57.2525806451613,14499.690000000006,1123.1577419354837,7982.910000000001,5200,37,2564.35,30.45,23271.45,16.02
2019-11-12,13962.779999999999,5992.049999999997,76.44285714285714,18.59589285714285,1116.4299999999998,48.146071428571425,25593.600000000002,1021.3926785714284,11630.890000000005,9275,56,2110.91,73.93,23333.98,14.75
2019-11-13,13569.290000000003,6930.000000000001,67.58723404255319,9.272765957446804,1116.1506382978725,44.494042553191505,21583.600000000006,1039.2910638297872,8014.370000000001,8900,47,2179.32,50.47,25236.72,14.12
2019-11-14,15479.03,5714.3,94.62493333333333,13.792133333333334,1364.3432000000003,64.02853333333334,32116.659999999996,1255.9282666666668,16637.7,10850,80,2328.21,29.97,25065.13,14.38
2019-11-15,10478.72,2355.840000000001,90.27254545454545,10.252181818181821,1044.0218181818182,36.93818181818183,23970.399999999994,943.4956363636362,13491.719999999992,9025,57,1958.69,111.92,24985.07,14.5
2019-11-18,14061.009999999998,2907.2999999999993,97.71115384615385,18.783076923076923,1160.5056410256411,51.039230769230784,35318.799999999996,1044.0114102564103,21257.9,12025,79,2022.46,77.42,24520,14.6
2019-11-19,9777.61,2484.5800000000004,69.1524528301887,5.582641509433962,1045.7894339622642,45.858679245283014,24754.08,971.0530188679245,14976.56,9050,54,2339.98,32.26,24550.04,14.07
2019-11-20,10067.289999999999,3146.8999999999996,57.37571428571429,8.557142857142859,1050.5019047619048,45.133809523809525,21284.94,984.5685714285714,11217.729999999998,6700,46,2538.38,83.92,24832.74,14.5
2019-11-21,17172.79,9123.560000000003,124.06306451612903,13.61693548387096,1377.9064516129033,67.00290322580646,27891.799999999992,1240.2267741935484,10719.079999999998,9100,64,2000.71,32,25943.02,12.98
2019-11-22,6359.990000000001,1712.789999999999,59.44885714285715,10.166857142857145,1173.2322857142858,56.482,15753.51,1103.6177142857143,9393.550000000001,5450,36,2162.37,46.6,23998.4,13.62
2019-11-25,9227.700000000003,2281.3299999999995,83.43679245283019,15.006037735849056,1129.0958490566038,42.791132075471694,22457.539999999994,1030.653962264151,13229.949999999995,8050,53,2261.81,59.76,24690.21,13.91
2019-11-26,14114.839999999997,4197.959999999999,79.33753623188406,15.720434782608699,1444.8608695652174,62.076231884057975,32890.2,1349.8050724637678,18775.440000000002,10125,73,2144.26,37.33,23799.58,14.14
2019-11-27,10840.24,4531.32,123.19500000000001,15.102500000000003,2094.570909090909,104.58386363636362,22057.640000000007,1956.2745454545454,11217.54,6250,48,1535.55,47.48,26498.05,12.15
2019-11-28,15212.619999999995,7674.529999999997,93.57175438596492,10.30824561403509,1306.9887719298245,51.64561403508772,25537.479999999992,1203.1082456140352,10324.92,9200,69,1960.35,58.86,24816.4,13.69
2019-11-29,2860.62,607.1200000000001,82.55250000000001,22.342499999999994,977.9725,29.61125,6510.559999999999,873.079375,3649.94,2425,16,2552.31,31.62,21482.31,16.38
2019-12-02,6504.449999999997,1215.6200000000001,56.21119047619047,6.721904761904762,1122.0961904761903,56.8954761904762,18559.460000000003,1059.1638095238095,12055.08,7000,46,2009.17,56.98,23412.1,15.93
2019-12-03,10837.360000000004,2852.219999999999,66.34597014925373,12.486716417910449,1269.4167164179105,65.21970149253731,28706.75999999999,1190.5837313432835,17869.519999999997,10375,69,2244.49,35.18,24083.46,14.23
2019-12-04,8487.279999999995,2261.95,58.420204081632654,3.944285714285712,2010.9191836734697,75.78122448979593,20745.6,1948.5542857142862,12258.320000000002,8200,50,2531.53,22.02,21849.86,18.72
2019-12-05,18490.489999999998,4982.710000000004,82.82626262626263,28.50878787878789,1122.828282828283,52.75909090909091,43342.60000000002,1011.4915151515152,24852.220000000005,16900,101,1902.07,81.77,25517.46,13.4
2019-12-09,6311.679999999999,2096.0299999999997,84.68057142857144,16.192000000000004,1084.4457142857143,39.208,13707.600000000002,983.5745714285717,7395.969999999999,4900,37,1353.77,113.29,27212.51,13.53
2019-12-10,8840.81,2187.0300000000007,49.68423076923075,9.377307692307696,1008.4361538461538,49.090576923076924,21265.159999999993,949.3740384615385,12424.430000000002,8000,52,2348.67,46.87,21704.65,16.57
2019-12-11,11079.809999999996,7489.210000000001,140.89928571428575,13.994285714285715,1685.8857142857141,72.58035714285717,11303.399999999998,1530.9917857142857,223.64000000000078,4400,28,2393.75,75.21,25588.61,13.42
2019-12-12,9403.019999999997,2122.39,199.3332727272728,11.78872727272727,1655.055272727273,58.548909090909085,23848.12,1443.934,14445.139999999998,8175,56,2352.07,54.6,24360.42,13.67
2019-12-13,3366.7399999999993,622.01,79.00000000000001,18.060000000000002,1050.8453333333334,48.54333333333333,7802.56,953.7840000000001,4435.860000000001,3475,16,2437.53,33.4,24604.07,13.43
2019-12-16,18714.229999999996,6429.560000000004,2474.7010869565233,10.581739130434782,10927.757391304352,30.56652173913044,33258.24,8442.474782608699,14544.110000000002,13275,94,2287,55.36,22097.9,15.24
2019-12-17,15009.270000000004,4619.130000000003,88.84435897435897,13.932435897435898,1287.931282051282,58.904102564102566,33080.68,1185.153717948718,18071.46,11150,81,2202.67,32.68,24730.76,14.63
2019-12-18,4964.400000000001,1776.6000000000001,84.46958333333335,8.580000000000002,1207.5,48.8725,11289.600000000002,1114.4520833333333,6325.220000000001,3575,25,2414.75,40.38,20837.5,16.85
2019-12-19,13737.249999999998,4860.110000000001,87.52971830985913,23.673661971830967,1558.7154929577466,59.62802816901408,30835.44999999999,1447.5129577464788,17098.350000000002,10425,74,2506.75,37.58,24268.41,14.99
2019-12-20,4719.700000000001,1495.25,75.97461538461539,13.858461538461539,1031.5846153846153,47.262692307692305,10137.400000000001,941.753076923077,5417.700000000001,3400,28,2178.42,43.32,27647.04,12.41
2019-12-26,12281.060000000001,4249.99,79.34921874999998,7.717031250000001,1197.7375000000002,53.946875000000006,28671.040000000005,1110.6712500000003,16390.019999999997,10175,68,1793.98,34.15,25771.66,14.26
2019-12-27,9811.77,3197.31,91.34052631578948,21.300701754385955,1550.077192982456,71.32140350877191,23670,1437.4350877192974,13858.27,9175,58,2384.37,39.91,21472.81,17.41
2020-01-02,1386.5800000000002,331.69000000000005,22.014285714285712,5.417142857142857,725.2,33.76857142857143,3144.4000000000005,697.7685714285714,1757.82,1400,7,1903.71,56,23095.29,16.19
2020-01-03,3009.75,907.9499999999998,114.17555555555555,15.041666666666664,1275.7111111111112,52.67777777777778,7352.8,1146.4977777777779,4343.05,2450,18,2442.72,78.94,22967.56,15.16
2020-01-07,8207.730000000003,2103.7200000000007,64.44577777777778,10.583999999999998,1015.7866666666666,43.772,18348.8,940.7562222222223,10141.070000000002,7625,46,2137.96,38.56,24167.73,14.46
2020-01-08,12923.720000000001,3486.219999999998,85.70171875,15.643437500000003,1172.39609375,53.541406249999994,29314.29,1071.0509375000001,16390.619999999995,11425,64,1814.69,64.27,26892.52,12.22
2020-01-09,2851.59,883.2000000000002,63.91214285714286,9.620000000000001,1018.9878571428571,43.52357142857143,6218.29,945.4592857142857,3366.7000000000007,2300,14,2753.5,71.5,30307.86,11.32
2020-01-10,7717.9000000000015,2224.8699999999994,74.60536585365853,15.30731707317073,1225.580487804878,53.57170731707317,17511.199999999997,1135.6670731707318,9793.359999999999,6325,41,1794.32,92.2,25708.95,13.13
2020-01-13,8947.22,3438.809999999999,76.10948717948718,23.37333333333334,1397.825641025641,60.1174358974359,19228.6,1298.3420512820512,10281.390000000001,5950,40,2378.38,58.64,24634.15,15
2020-01-14,770.7199999999999,93.60000000000001,31.22,11.865,1131.9,44.29,2263.8,1088.815,1493.0800000000002,800,6,3038.5,40.5,27253,16.82
2020-01-15,13061.369999999995,3705.8199999999997,183.35338235294122,8.396029411764706,1696.1950000000002,44.30382352941178,29852.62,1504.4467647058823,16791.310000000005,10475,71,2414.88,33.94,24818.91,12.31
2020-01-16,7723.01,2128.5700000000006,66.41874999999999,15.119500000000002,1231.8950000000002,56.48250000000001,16739.800000000003,1150.35775,9016.81,6550,40,2376.98,29.6,21301.48,16.86
2020-01-17,6569.500000000002,2517.23,95.57290322580644,17.109677419354835,1307.0767741935485,45.91387096774194,14478.060000000001,1194.3935483870969,7908.56,5125,33,2625.61,156.77,25745.45,14.8
2020-01-20,18827.480000000007,5312.290000000001,109.95076923076925,18.780549450549454,1366.2053846153844,68.63241758241759,43337.09,1237.4735164835167,24509.65999999999,13950,97,2097.14,64.27,25173.63,13.43
2020-01-21,10160.620000000003,2640.22,54.20087719298247,8.512982456140351,954.1614035087719,40.76596491228071,22738.799999999996,891.4478947368422,12578.250000000004,8975,57,1592.81,54.21,25187.96,13.97
2020-01-22,13176.699999999999,3723.2200000000016,77.18333333333334,22.038405797101458,1451.5471014492755,65.85246376811595,29136.290000000005,1352.326231884058,15959.659999999998,10500,70,2463.75,85.78,23339.35,16.66
2020-01-23,16756.629999999994,5135.5,71.56964705882353,16.81741176470588,1047.6190588235295,48.253058823529415,38333.29,959.2325882352941,21576.73,12600,88,2104.15,74.04,24986.48,14.01
2020-01-24,5370.159999999999,1661.63,73.91935483870968,12.019032258064515,959.4916129032258,47.590322580645164,11961.210000000003,873.5538709677419,6591.05,4950,33,2517.81,82.42,24742.74,14.71
2020-01-27,13188.229999999998,3545.6800000000007,104.16420289855071,14.80463768115941,1367.8098550724637,64.01724637681158,32801.60000000001,1248.8421739130436,19613.51000000001,9550,74,2059.8,44.96,25147.2,14.46
2020-01-28,15313.450000000006,4330.57,66.54480519480519,17.050909090909094,1226.812987012987,61.106103896103896,34972.79999999999,1143.2181818181818,19659.429999999997,12325,80,2016.82,81.03,27012.87,12.44
2020-01-29,6966.0999999999985,1833.2600000000007,107.12527777777777,14.984444444444444,1109.862222222222,53.7325,16285.159999999994,987.753611111111,9319.159999999998,5275,40,2252.03,52.44,24217.81,13.3
2020-01-30,10662.4,3301.6600000000008,48.822631578947366,12.202280701754384,1228.5452631578946,50.59982456140351,23874.439999999995,1167.5201754385964,13212.089999999998,8825,63,2523.18,57.19,24701.33,15.78
2020-01-31,4252.400000000001,1118.1299999999999,72.12761904761905,50.230476190476196,1022.287619047619,44.31238095238095,9779.600000000002,899.9290476190477,5527.26,3350,24,1629.48,64.29,25892.9,13.6
2020-02-03,8737.900000000001,3576.3600000000006,240.54682926829264,19.406341463414638,1739.283902439025,57.2460975609756,17822.759999999995,1479.3326829268296,9084.87,5950,44,2639.56,123.93,23832.07,15.77
2020-02-04,28685.389999999974,10095.480000000005,576.2345801526727,30.726564885496206,5222.672824427481,192.15312977099245,63444.15000000002,4615.709847328246,34758.930000000015,19525,160,1880.92,77.35,25205.73,13.83
2020-02-05,15321.259999999991,4249.7,71.569625,17.46375000000001,1133.3326249999998,50.860500000000016,34758.189999999995,1044.2978750000002,19436.999999999993,12700,84,2133.28,44.15,24719.86,13.82
2020-02-06,19724.01,5803.609999999998,82.32709090909096,10.35645454545455,1300.491818181818,58.58599999999999,45604.72000000001,1207.8083636363635,25880.750000000007,16600,111,2310.71,59.74,24686.52,14.92
2020-02-07,6107.729999999999,1849.4699999999996,108.1835483870967,37.529354838709665,1350.2541935483866,57.7932258064516,15011.619999999997,1204.5432258064516,8903.939999999997,4200,35,2152.94,106.13,25895.52,12.89
2020-02-10,15441.109999999997,4282.040000000001,98.52452380952383,34.987380952380946,1218.2169047619047,58.934999999999995,35886.84,1084.7041666666667,20445.769999999982,12100,86,2391.18,114.89,24636.88,14.27
2020-02-11,14309.659999999993,3237.4399999999982,85.18690476190478,9.230595238095233,1126.0402380952385,52.84130952380953,34557.05999999998,1031.622976190476,20247.399999999998,13075,92,2420.05,60.22,24762.14,13.42
2020-02-12,7800.07,2429.2599999999998,82.76439024390244,18.358048780487806,1128.3707317073167,38.470975609756124,17540.12,1027.248292682927,9740.109999999997,7100,43,2448.59,41.71,22710.39,16.42
2020-02-13,13993.77,3964.2999999999993,77.75628571428572,15.025285714285713,1255.892857142857,57.747571428571426,32104.960000000003,1163.1121428571428,18111.24,11500,74,2157.74,80.61,25226.93,13.44
2020-02-14,14790.3,3878.640000000001,75.48888888888888,30.681481481481484,1045.3641975308644,29.091851851851853,34021.21,939.192962962963,19230.920000000002,13950,83,2369.85,61.06,25364.14,14.76
2020-02-17,10841.209999999997,3329.1500000000005,90.91,13.208035714285712,1422.2251785714284,51.77910714285716,25957.549999999992,1318.107142857143,15116.36,8825,57,2653.11,65.02,24081.09,15.39
2020-02-18,7833.759999999998,1917.39,62.32186046511627,11.931860465116284,1081.7827906976745,52.71837209302326,19619.579999999998,1007.5274418604652,11785.869999999997,7875,43,2253.53,26.9,22793.81,14.97
2020-02-19,7363.89,2286.3800000000006,94.59555555555555,19.03722222222222,1327.851111111111,72.28027777777778,17145.200000000004,1214.2169444444444,9781.359999999999,6175,36,2133.11,35.83,25295.31,12.47
2020-02-20,19228.33,5937.410000000002,188.87594059405944,22.081287128712873,1755.871188118812,68.59564356435644,45345.200000000026,1544.9139603960396,26117.199999999993,16400,104,2533.02,40.26,26799.26,13.06
2020-02-21,6875.97,1568.8200000000002,86.44675000000005,26.195250000000005,1238.0315,49.781,16086.369999999999,1125.39075,9210.400000000001,5950,41,2566.6,51.08,23574.65,12.9
2020-02-24,11266.040000000003,2844.9399999999982,61.94253968253968,9.68920634920635,995.0050793650792,37.131587301587295,25627.32,923.3733333333331,14361.37,9075,67,2419.84,149.22,28218.41,13.03
2020-02-25,20671.230000000007,7331.590000000001,85.18742268041234,13.995257731958757,1321.9616494845372,62.7303092783505,44087.409999999996,1222.780103092784,23416.300000000003,13025,107,2239.68,63.98,25950.65,13.95
2020-02-26,6280.39,1967.4500000000005,54.956842105263156,24.465,1264.2368421052631,56.0721052631579,14281.400000000003,1184.8171052631578,8001.010000000001,4975,39,2662.87,24.39,24057.61,15.7
2020-02-27,21612.480000000003,6759.450000000004,3901.759107142854,8.004642857142853,10359.193571428568,30.985357142857147,50041.04,6449.429910714287,28428.620000000003,16800,112,2202.76,63.48,22059.93,15.48
2020-02-28,9488.920000000002,2586.580000000001,72.52685185185186,20.27611111111111,1061.6970370370368,33.410000000000004,21288.480000000003,968.8944444444444,11799.620000000003,8600,56,2393.69,80.59,28521,12.63
2020-03-02,3949.8199999999997,933.61,89.22695652173914,16.201739130434785,1126.7460869565216,54.833043478260876,9852.16,1021.3182608695652,5902.389999999999,3625,23,2304.13,76.65,23521.61,14.74
2020-03-03,13671.019999999997,4042.7199999999993,64.2448611111111,17.59319444444445,1253.2416666666666,65.62819444444443,30728.8,1171.4061111111112,17057.849999999995,11200,76,1873.68,29.49,25152.54,13.48
2020-03-04,13240.480000000001,4074.429999999999,72.79907894736841,13.236184210526318,1581.5631578947366,73.36657894736842,29687.499999999996,1495.5269736842106,16447.019999999997,10025,86,2134.36,65.35,25453.38,13.39
2020-03-05,9323.279999999999,1971.4900000000002,76.99910714285714,16.563035714285714,1128.7223214285714,48.62696428571429,22713.949999999993,1035.1591071428572,13390.750000000004,8725,57,2189.12,37.48,23928.18,14.69
2020-03-06,10649.539999999997,3817.050000000001,101.81363636363632,30.499454545454537,1195.2690909090911,45.89945454545455,23375.59999999999,1062.954,12726.079999999994,7600,58,2517.65,142.82,26305,13.51
2020-03-09,5711.099999999999,2045.4500000000003,88.8193333333333,19.256,1251.360333333333,54.380333333333326,12682.61,1143.285,6971.520000000001,4700,31,2543.87,119.54,26275.23,13.87
2020-03-10,17312.609999999993,5802.490000000001,80.3480459770115,14.935747126436787,1342.91091954023,60.374252873563215,39959.56999999999,1247.6264367816093,22647.03000000001,12525,89,2196.11,30.6,26264.7,13.6
2020-03-11,7295.27,2618.0399999999995,220.1090322580645,8.986129032258065,2660.808387096774,122.45064516129031,14840.63,2431.714516129032,7545.359999999999,4825,35,2714.48,48.55,22559.81,17.4
2020-03-12,12412.390000000003,3724.749999999998,69.28552238805969,27.422835820895525,1152.9616417910447,59.543582089552245,27976.410000000007,1056.2526865671643,15564.149999999998,10275,68,2014.46,58.51,25845.66,12.83
2020-03-13,9406.980000000001,2992.91,82.21530612244898,10.826530612244895,1309.6514285714286,54.60285714285715,21389.200000000004,1216.6095918367348,11982.229999999998,7800,50,1802.45,75.88,25113.31,14.96
2020-03-16,14523.54,4313.269999999999,65.1944155844156,15.291688311688306,1199.129090909091,57.211298701298695,33550.20000000001,1118.6423376623375,19026.76,10825,79,2329.78,49.43,24810.14,14.18
2020-03-17,11313.57,2676.6900000000005,65.34409090909091,14.39939393939394,1092.829696969697,53.035606060606064,26599.72,1013.0866666666667,15286.219999999996,8600,69,2135.36,28.36,25214.02,14
2020-03-18,5101.299999999999,1276.73,57.346875,7.383125,1218.7,58.199375,11433.8,1153.9678125,6332.529999999999,4550,34,2299.62,22.75,21663.75,17.79
2020-04-24,379.36,66.72,0,0,736.4,36.82,736.4000000000001,736.4,357.04,500,2,2673,29,20465,21.75
2020-05-11,2071.43,574.5700000000002,202.00083333333333,53.48500000000001,2910.5999999999995,21.218333333333334,5685.4,2655.1141666666663,3613.9700000000003,2225,13,3061.25,17,28151.17,14.98
2020-05-12,1916.4700000000003,663.77,44.55777777777778,2.326666666666668,1011.7333333333333,61.26111111111111,3707.76,964.8488888888888,1791.31,1550,12,2324,18.33,28296.44,11.85
2020-05-13,2088.08,725.7900000000001,65.02000000000001,10.843636363636364,1689.1054545454547,114.89,5063.120000000001,1613.2418181818182,2975.12,1325,11,1731,22.55,23090.64,16.61
2020-05-14,8033.720000000001,3505.990000000001,3119.441333333335,0,8172.049333333332,251.82700000000006,14994.92,5052.607999999999,6961.199999999998,4500,31,2334.17,59.6,20853.47,16
2020-05-15,4706.669999999999,1741.1899999999998,133.35115384615386,64.8357692307692,1850.8538461538465,37.685769230769225,11757.2,1652.666153846154,7050.54,3650,27,2849.69,50.83,25394.96,16.51
2020-05-18,8273.439999999999,3440.420000000003,1383.6808108108103,21.81513513513514,4750.497297297297,20.63918918918916,13884.2,3345.0027027027027,5610.76,6150,43,2432.92,75.86,22103.38,14.41
2020-05-19,2087.2,538.4400000000002,78.69727272727273,0,1173.5454545454545,84.36545454545455,5725.040000000001,1094.848181818182,3637.84,1700,11,2511.73,22.18,21458.45,16.79
2020-05-20,5618.569999999997,1684.380000000002,3027.3786206896543,0,8277.475862068963,39.70241379310346,13895,5250.097241379309,8276.430000000002,5300,29,2444,63.34,19066,15.67
2020-05-21,3311.85,1348.4400000000003,84.31333333333336,15.369333333333334,1417.8266666666664,83.64599999999999,6466.599999999999,1318.1473333333336,3154.78,2275,15,1796.07,37.73,28235.93,10.51
2020-05-22,1440.4900000000002,375.1,60.217499999999994,0,1204.35,57.20375,3544.7999999999997,1144.1325,2104.31,1400,8,2194,26,20766,15.06
2020-05-25,6201.080000000001,1723.1000000000004,71.81666666666669,11.732333333333331,1050.9053333333336,49.70133333333334,12898.199999999999,967.3563333333334,6697.14,4775,32,1941.33,67.47,23701.57,14.35
2020-05-26,7628.3099999999995,1782.6900000000003,90.43605263157889,15.252631578947375,1386.0515789473682,72.03947368421052,17099.079999999998,1280.3623684210527,9470.89,6275,38,2147.97,32.34,23484.29,13.7
2020-05-27,1692.22,410.36,73.97,7.407500000000002,1457.42,34.315,4106.2,1376.0425,2413.98,1200,10,2351.5,44,23413,12.32
2020-05-28,1175.1599999999999,313.42999999999995,57.39,12.875,1107.68,68.85333333333332,2884.08,1037.415,1708.93,1000,6,1353,21.83,25043.83,13.88
2020-05-29,2832.95,748.6200000000001,60.282666666666664,17.578666666666667,1214.7333333333333,59.81866666666667,6344.8,1136.8673333333334,3511.8699999999994,2250,17,2078.8,53.93,23430.2,13.83
2020-06-01,2769.37,874.8799999999999,88.08846153846153,8.066153846153846,1297.0123076923078,62.38692307692308,7018.360000000001,1200.8592307692306,4248.989999999999,1850,13,2604.31,12.38,26365.46,11.81
2020-06-02,4132.750000000001,886.57,90.46666666666667,9.781481481481482,1133.574814814815,56.765555555555565,11147.28,1033.3266666666666,7014.53,3800,27,1944.96,25.67,24692.89,13.67
2020-06-03,11887.11,2742.329999999999,111.79706896551721,28.443965517241356,1332.237241379311,43.14293103448276,27466.760000000002,1191.9974137931035,15579.729999999998,9900,61,2105.28,71.21,22450.05,16.35
2020-06-04,9048.750000000002,2487.880000000001,90.09763636363637,9.151999999999997,1536.2952727272725,72.72672727272726,23180.799999999992,1437.0476363636365,14132.130000000001,8075,57,2279.6,37.61,24479.07,12.86
2020-06-05,8258.380000000001,1868.5399999999997,102.82146341463414,29.790975609756092,1445.92243902439,32.19487804878049,18209.819999999996,1313.309024390244,9951.470000000001,6225,42,2331.27,53.5,23066.85,16.14
2020-06-08,17596.090000000004,3220.629999999996,3679.113980582522,10.529902912621358,9423.146019417469,24.250776699029156,39228.56000000001,5733.501941747569,21632.53999999999,16925,104,2252.02,105.48,22970.93,14.28
2020-06-09,18029.72,4988.579999999999,53.20294736842103,13.251052631578943,1074.1368421052632,51.90526315789474,41952.119999999995,1007.6824210526315,23922.49,14625,99,2250.25,28.06,24737.77,13.97
2020-06-10,7708.500000000001,1912.3600000000008,1325.9237499999995,9.981875,4119.642916666666,140.12145833333338,18149.510000000002,2783.7375000000006,10441.009999999998,7425,50,2291.65,89.42,22136.56,14.78
2020-06-11,15513.599999999995,4302.91,93.29292682926834,14.610609756097565,1159.6115853658534,44.46963414634145,35391.89000000001,1051.7074390243904,19878.37,12425,85,2219.67,118.76,26668.16,13.95
2020-06-12,8002.46,2164.6200000000013,89.98952380952383,14.579523809523804,1190.7752380952381,50.47095238095238,19141.78,1086.2061904761904,11139.339999999997,6500,43,2525.55,62.21,27962.57,12.88
2020-06-13,19675.649999999998,6613.050000000003,77.12822916666667,14.712083333333336,1269.7268750000003,58.62427083333334,43464.10000000001,1177.8858333333333,23788.539999999997,15875,100,2328.1,57.38,24013.46,14.79
2020-06-15,14125.31,3955.440000000002,73.6226582278481,14.168354430379743,1215.5249367088609,54.78392405063292,32814.73999999998,1127.7330379746836,18689.46,12025,83,2268.44,57.94,24405.82,13.9
2020-06-16,14996.489999999993,3839.460000000002,276.338157894737,16.93513157894737,1658.1302631578947,49.152368421052635,35905.46999999999,1364.8567105263157,20909.019999999997,11125,78,2311.46,96.17,25409.01,13.65
2020-06-17,17566.060000000005,5081.270000000003,69.65039603960395,17.39326732673268,1237.7211881188123,56.26059405940596,40386.4,1150.677821782178,22820.38000000001,13825,108,1901.06,79.53,25286.79,13.83
2020-06-18,17944.61,5530.76,78.0322222222222,20.120666666666665,1212.631111111111,48.105666666666664,40319.76000000002,1114.4787777777779,22375.310000000005,13125,95,2404.07,97.71,25712.4,14.39
2020-06-19,17670.680000000004,5029.630000000002,47.4395098039216,12.175294117647056,1094.854901960784,51.63215686274511,39596.87999999999,1035.2396078431373,21926.32,15125,108,2187.61,39.27,25133.34,13.99
2020-06-22,16325.729999999998,4400.590000000002,91.81505747126437,14.720689655172418,1340.883908045977,59.63873563218391,38796.85999999999,1234.3491954022988,22471.28999999999,13125,91,1941.44,56.8,25090.62,13.22
2020-06-23,21675.829999999998,6887.220000000004,84.38119266055043,17.00275229357798,1162.076146788991,45.03302752293578,49847.829999999994,1060.692385321101,28172.11999999999,17725,112,2005.5,88.54,25557.74,13.92
2020-06-24,23810.36999999999,7888.049999999988,239.8352892561984,13.38884297520661,2312.864214876033,99.89355371900825,53445.07999999999,2059.6404958677695,29634.809999999987,18800,126,2336.88,59.79,24618.55,14.91
2020-06-25,16545.460000000003,5671.659999999998,83.42493827160493,43.69802469135802,1237.482962962963,52.23111111111111,34717.84,1110.3586419753085,18172.510000000002,11950,81,2301.13,71.18,24622.86,14.7
2020-06-26,10655.210000000001,3376.6499999999987,102.39169491525423,24.737966101694905,1223.0345762711866,42.751525423728815,24871.26000000002,1095.9049152542373,14216.120000000003,9125,61,2385.1,127.42,25486.24,14.05
2020-06-29,17365.09,4894.279999999996,107.85333333333335,11.918787878787874,1624.2620202020203,74.33111111111111,41092.039999999986,1504.4907070707072,23726.96000000001,16425,99,2101.66,33.22,23903.34,14.14
2020-06-30,17321.92,4759.9299999999985,85.85835164835164,22.96131868131868,1500.0695604395605,65.74879120879122,39120.25000000001,1391.2496703296704,21798.449999999993,14000,97,1836.04,46.8,26121.26,13.29
2020-07-01,20442.690000000002,5692.480000000002,75.95518181818184,11.157818181818183,2297.3945454545456,134.70254545454543,48904.31999999999,2210.2807272727277,28461.959999999992,17100,114,2457.75,33.46,25300.25,12.84
2020-07-02,5872.879999999998,1560.06,73.44931034482758,16.02448275862069,1089.7310344827586,45.52103448275862,13256.6,1000.2575862068966,7383.739999999999,5025,29,2024.66,35.1,24581.93,14.84
2020-07-03,10834.130000000001,2920.1900000000005,73.0172131147541,20.286065573770493,1175.12,56.252786885245904,25747.280000000006,1081.8160655737704,14913.209999999997,8850,65,2223.2,55.85,24794.02,14.68
2020-07-06,9481.789999999999,3427.7000000000003,137.39799999999997,30.182399999999998,2203.6,85.0632,21074.199999999993,2036.0184,11592.500000000004,6875,50,2495.12,111.96,27078.92,12.71
2020-07-07,16442.909999999996,5073.830000000001,108.99920454545455,17.931136363636362,1200.686590909091,50.755795454545456,38295.160000000025,1073.756022727273,21852.36,13250,90,2449.84,76.38,26742.01,12.79
2020-07-08,19361.679999999997,6314.130000000006,77.23504587155963,12.903027522935778,1140.20752293578,50.579908256880735,44570.53999999998,1050.0708256880735,25209.01,15375,115,2117.15,82.63,26587.21,13.39
2020-07-09,14998.260000000002,5138.560000000004,81.70142857142858,13.458571428571426,1198.5519047619048,50.1072619047619,35464.52,1103.3917857142858,20466.30999999999,12850,87,2390.74,86.04,25773.62,14.93
2020-07-10,6879.010000000002,2571.689999999999,64.03193548387095,26.75870967741935,1015.334193548387,37.87032258064516,14298.759999999997,924.5429032258065,7419.779999999999,5425,31,2124.23,89.16,23656.48,15.97
2020-07-13,7535.530000000002,2358.410000000001,85.70777777777778,21.469555555555562,1109.7924444444445,45.65955555555556,18271.68,1002.6142222222222,10736.250000000004,6275,46,1972.38,34.96,25263.58,14
2020-07-14,12066.959999999995,3955.780000000001,51.32428571428572,12.498214285714289,1073.7907142857143,50.93589285714286,26433.420000000006,1009.9682142857143,14366.489999999998,10500,57,1774.3,54.09,26090.91,13.5
2020-07-15,19861.87,6555.840000000001,89.53170000000004,19.357499999999995,1325.339,58.8702,44633.629999999976,1216.4507000000003,24771.899999999994,15475,101,2500.67,71.93,24217.21,14.55
2020-07-16,12819.77,3937.849999999999,77.87885245901636,22.43229508196722,1183.1411475409836,46.22245901639346,27706.07,1082.8304918032786,14886.420000000002,10500,65,2602.44,68.15,22934.54,15.57
2020-07-17,16527.82999999999,5314.709999999994,3046.064831460676,7.815617977528092,8319.370674157302,24.531460674157294,37685.210000000014,5265.490449438202,21157.46000000001,14575,90,2149.65,103.46,22738.2,14.76
2020-07-20,9052.089999999998,3118.8399999999992,93.12188679245284,21.70320754716981,1281.9245283018868,56.71150943396226,21246.4,1167.097924528302,12194.43,7725,57,2458.66,74.47,23357.23,16.38
2020-07-21,17663.58,5807.3600000000015,75.63526315789473,16.102842105263157,1224.5086315789474,58.11105263157894,41129.68999999998,1132.769157894737,23466.200000000008,13725,98,2279.92,43.16,24829,13.68
2020-07-22,13001.569999999998,3178.8500000000026,60.24906666666666,13.257600000000007,1040.5658666666668,35.93026666666667,30746.999999999996,967.0596,17745.469999999998,11525,77,2335.08,71.31,25525.92,14.25
2020-07-23,15926.419999999998,4800.169999999997,204.82364705882358,13.587999999999996,2644.9705882352946,126.19329411764707,38845.49,2426.5574117647066,22919.140000000007,14300,86,2320.98,37.01,25375.39,12.47
2020-07-24,7116.47,2137.9800000000005,86.4554054054054,34.10297297297297,1143.7602702702702,39.972972972972975,15970.91,1023.2016216216216,8854.49,5575,38,2371,94.24,28017.51,12.53
2020-07-27,15145.510000000004,4406.95,59.87136363636364,13.724772727272724,1131.3451136363635,56.83045454545454,35548.01999999999,1057.7493181818181,20402.600000000002,12975,90,2260.02,64.66,27137.85,12.83
2020-07-28,16713.250000000007,4626.529999999998,77.5217283950617,19.419259259259256,1257.519135802469,66.1453086419753,39384.329999999994,1160.5782716049384,22671.159999999993,13150,84,2267.15,45.07,25060.83,13.16
2020-07-29,10075.91,3944.37,100.2565625,25.83484375,1473.5103125,61.43625,29180.57999999999,1347.41859375,19104.839999999997,9450,66,2381.03,50.66,24728.56,13.94
2020-07-30,10952.59,3727.8800000000024,182.93092307692302,32.21138461538462,1623.7619999999993,43.0663076923077,27495.59,1408.6200000000003,16543.069999999996,9325,66,2693.11,168.82,24876.05,15.35
2020-07-31,13621.13,4588.810000000005,109.82833333333335,13.39583333333333,1912.2611111111112,86.98291666666665,31755.2,1789.0375000000004,18134.139999999996,11300,76,2484.21,88.99,25042.47,16.2
2020-08-03,10297.949999999999,3349.889999999999,93.56115384615384,38.2301923076923,1448.3086538461537,69.4476923076923,22680.34,1316.5192307692305,12382.470000000005,7675,52,2390.58,63.33,24583.46,14.59
2020-08-04,9777.999999999998,2721.1500000000015,88.60274509803921,22.361568627450986,1188.8009803921568,49.628235294117644,24168.479999999996,1077.8343137254901,14390.51,9575,51,2535.43,59.12,21940.53,16.94
2020-08-05,11444.960000000008,3642.9299999999994,57.97666666666666,10.286666666666667,1083.5070175438595,52.69403508771929,24454.010000000006,1015.2424561403509,13009.08,8975,57,2192.75,41.31,25951.95,13.81
2020-08-06,8729.090000000002,2561.9799999999996,75.22085106382978,14.933829787234039,1176.4740425531916,54.4872340425532,20010.059999999998,1086.3189361702127,11281.040000000005,6175,50,2623.34,117.6,25239.02,14.56
2020-08-07,14483.639999999998,5674.990000000002,69.78026315789472,17.27578947368422,1399.428947368421,73.81434210526317,33000.799999999996,1312.3731578947368,18517.2,11775,76,2413.93,23.76,24699.89,14.86
2020-08-10,8094.469999999999,2964.0299999999993,58.295897435897444,11.496923076923073,1241.2564102564102,58.092820512820516,16923.460000000003,1171.4648717948717,8829.02,6075,42,2552.23,33.59,23536.31,14.62
2020-08-11,5864.470000000001,1565.4300000000003,123.41999999999999,15.953333333333338,1066.0094444444444,40.49222222222222,14666.590000000002,926.6355555555556,8802.119999999999,5625,37,2380.81,76.97,27765.44,13.07
2020-08-12,22790.73,6505.310000000004,77.8912,17.013759999999994,1394.4447999999998,61.20144000000001,52066.000000000015,1299.5401600000002,29275.359999999993,18475,128,2271.96,80.88,25448.25,14.07
2020-08-13,7815.630000000001,2428.590000000001,110.52128205128204,16.882564102564096,1343.3164102564103,60.356410256410264,18114.02,1215.9112820512821,10298.42,6300,41,2396.85,47.46,23209,14.18
2020-08-14,17288.730000000007,5880.119999999999,71.7698936170213,13.108510638297872,1258.4436170212769,56.24510638297873,38832.03999999999,1173.5652127659578,21543.400000000005,12925,101,2202.15,85.01,24793.62,15.42
2020-08-31,1543.4399999999998,280.41,97.65374999999999,0,1029.1275,76.72999999999999,3844.62,931.4737500000001,2301.1800000000003,1125,9,2379.38,36.38,21551,15.91
2020-09-01,13628.880000000005,4473.549999999999,70.05701492537314,20.101641791044777,1144.6453731343286,46.61985074626866,28363.11,1054.4882089552239,14734.349999999997,12100,70,2316.54,69.21,25215.03,14.95
2020-09-02,5160.77,1349.0000000000002,62.92071428571426,8.049642857142857,1510.597142857143,89.42464285714286,12858.119999999997,1439.6282142857142,7697.389999999999,6350,28,2535.29,20.32,22447.14,16.23
2020-09-03,3136.47,616.8500000000001,66.82882352941176,14.717058823529412,1096.4941176470588,54.54764705882353,7986.359999999999,1014.9494117647058,4849.89,2450,17,2263.53,41.82,25513.94,12.41
2020-09-04,14541.1,3931.8100000000027,419.7816176470588,16.08323529411764,1910.0473529411765,41.40426470588235,34633.600000000006,1474.1833823529414,20092.609999999997,10050,70,2248.5,64.74,24430.75,13.6
2020-09-05,11175.36,3107.4100000000008,73.08403508771933,17.671052631578952,1186.299298245614,52.078771929824555,25461.959999999992,1095.5438596491229,14286.669999999995,8750,62,2344.46,68.35,26034.49,14.31
2020-09-07,25287.509999999987,7711.530000000004,77.99952380952381,19.803333333333335,1225.5057142857142,57.791190476190465,53948.659999999996,1127.7040476190475,28661.269999999997,20250,131,1970.14,71.73,25106.63,12.96
2020-09-08,23450.550000000014,5641.659999999998,155.38610687022904,11.632900763358784,1938.7380916030534,101.20748091603053,54927.75000000003,1771.7196183206102,31477.469999999987,20350,132,1996.76,68.94,26081.41,13.04
2020-09-09,14077.569999999998,3862.2799999999984,74.94089743589744,19.88858974358974,1182.5279487179487,46.6651282051282,33798.59,1087.6958974358972,19721.079999999984,11975,80,2643.45,152.69,26498.82,15.48
2020-09-10,16017.540000000008,5256.1900000000005,74.00763440860214,17.99526881720429,1188.8438709677416,42.622473118279565,38991.399999999994,1096.8387096774193,22974.030000000006,13325,96,2111.61,95.6,28923.16,12.45
2020-09-11,15553.040000000003,5093.619999999996,101.72725274725275,9.388681318681314,1140.1714285714281,53.641428571428555,35967.049999999996,1029.0560439560438,20414.129999999997,14475,97,2623.02,69.79,27478,12.33
2020-09-12,22197.000000000015,6352.619999999997,93.09612612612612,11.957297297297297,1277.5124324324324,63.27693693693694,50449.37999999998,1172.4587387387387,28252.440000000013,17425,113,2115.47,88.79,25894.53,12.76
2020-09-15,15035.070000000002,4162.690000000001,68.33641975308645,10.97345679012346,1164.2660493827161,51.39901234567901,31962.649999999994,1084.9561728395063,16927.620000000003,12700,83,2461.06,64.26,25488.21,13.21
2020-09-16,11121.540000000003,4324.860000000001,234.7962000000001,6.407999999999996,3205.9071999999996,143.0466,22513.739999999994,2964.7034000000012,11392.259999999997,8750,51,2426.74,57.12,21727.38,15.62
2020-09-17,28090.200000000023,11371.170000000015,362.81381679389324,45.90786259541985,3035.61679389313,95.2812977099237,54460.399999999994,2626.894045801526,26370.450000000004,18850,137,2291.31,99.98,26224.11,14.98
2020-09-18,23597.580000000005,8785.660000000003,103.43172727272724,16.22599999999999,1380.421,59.67700000000002,48290.17999999999,1260.7635454545455,24692.76,15500,122,2522,50.73,24156.72,15.48
2020-09-19,18757.079999999994,4680.119999999999,68.99843137254904,24.20372549019608,1000.1199019607843,38.751862745098045,44007.17,906.9174509803922,25250.26000000001,17000,107,2259,112.43,25994.89,14.15
2020-09-21,13044.99,4645.369999999999,601.8331746031747,12.90666666666668,4494.226507936508,28.06698412698414,28002.830000000013,3879.4876190476193,14958.069999999992,8775,71,2455.78,15.84,24119.46,14.62
2020-09-22,25325.93,8007.809999999998,107.20593984962407,12.61157894736842,2303.604060150376,106.96947368421054,57465.14000000002,2183.7865413533837,32139.319999999996,20150,135,2476.29,65.57,23949.2,14.76
2020-09-23,9495.449999999999,2430.4699999999993,90.821875,12.010625000000001,1186.3822916666668,52.848749999999995,23338.480000000007,1083.5477083333333,13843.07,7475,50,2322.77,22.59,24491.44,14.63
2020-09-24,20066.810000000005,6639.589999999998,64.70117117117115,12.300360360360365,1166.3261261261262,53.83144144144144,47777.79999999999,1089.3245945945946,27711.07000000001,16100,117,1988.17,46.85,26162.11,13.88
2020-09-25,9360.029999999999,3111.48,103.50019230769234,15.648076923076927,1429.9678846153847,54.906730769230776,21797.940000000002,1310.819230769231,12437.970000000001,6825,52,2673.56,58,28602.44,12.04
2020-09-26,18182.060000000005,4835.159999999999,80.50580952380952,16.639333333333333,1259.168095238095,49.43495238095238,45707.38999999999,1162.0230476190477,27525.449999999997,17025,106,2494.26,132.26,23969.78,16.49
2020-09-28,6207.640000000001,1632.3400000000008,89.42761904761906,12.18690476190476,1080.338095238095,40.25476190476191,16744.199999999997,978.7230952380952,10536.629999999996,5375,43,2629.02,189.48,28457.33,13.25
2020-09-29,20380.739999999998,7223.749999999988,103.46465346534654,12.27257425742574,2678.532673267326,118.00455445544559,44174.2,2562.7956435643564,23793.540000000005,16375,101,2065.56,46.08,23232.4,17.39
2020-09-30,14783.609999999995,4259.540000000001,103.44474358974358,22.036025641025645,1478.5384615384617,68.84051282051283,35495.63999999999,1353.0575641025641,20712.130000000005,12325,78,2490.56,78.16,24082.99,15.05
2020-10-01,15290.710000000003,4690.19,79.88,13.307215189873407,1200.819493670886,51.5712658227848,35729.17999999999,1107.6315189873417,20438.64,12275,81,2368.81,66.15,22642.3,16.5
2020-10-02,3993.320000000001,1172.9999999999998,59.1735,12.616999999999999,1062.8380000000002,56.9735,9091.740000000002,991.0485,5098.44,3450,22,2165.15,97.75,26549.6,12.5
2020-10-03,13043.639999999998,4015.84,83.6633802816901,13.487183098591544,1120.0471830985916,43.853239436619724,30312.61,1022.8969014084507,17269.079999999994,10325,74,2229.72,128.58,25630.99,13.45
2020-10-05,13437.759999999995,4055.709999999999,97.65159420289856,14.177681159420292,1309.7417391304348,50.80492753623188,32325.460000000017,1197.9139130434783,18887.72,10700,71,1845.36,73.94,26155.62,13.22
2020-10-06,16118.68,5316.170000000002,93.74344827586214,13.644712643678163,1387.6787356321838,56.74310344827586,38638.11,1280.28908045977,22519.64000000001,13375,92,2143.8,46.78,23857.85,15.57
2020-10-07,7257.529999999996,2117.53,90.64805555555557,11.16277777777778,1358.933333333333,57.77388888888889,16094.400000000003,1257.125,8836.910000000002,4900,38,1986.94,58.14,23656.25,14.83
2020-10-08,11163.480000000005,2898.530000000001,72.1334328358209,9.65552238805969,1101.0544776119402,50.32328358208955,25914.949999999993,1019.2659701492537,14751.580000000007,9800,69,2102.64,41.75,24613.93,13.03
2020-10-09,14657.01,4723.820000000001,92.67175675675676,15.158108108108106,1398.1200000000001,61.397297297297314,33142.2,1290.2897297297297,18485.260000000002,11050,76,2324.57,87.83,24502.19,14.87
2020-10-12,9107.119999999999,2780.5499999999984,61.448297872340426,13.431276595744686,1213.323404255319,60.918085106382975,21568.4,1138.4440425531916,12461.310000000003,8350,47,2183.15,28.71,22375.94,15.81
2020-10-13,9646.130000000003,2209.88,90.14803921568628,24.46,1242.5694117647058,63.97725490196081,22278.159999999996,1127.9621568627454,12632.070000000002,7000,56,2124.69,49.53,23443.8,13.78
2020-10-14,16335.350000000008,5099.049999999998,1005.4277215189873,8.7146835443038,3458.588734177216,49.007341772151904,39425.02999999999,2444.447721518988,23089.779999999995,10800,92,2668.56,87.81,24050.73,14.08
2020-10-15,12212.080000000002,4321.009999999999,61.38933333333335,7.377833333333334,1330.7076666666667,68.35416666666667,27160.829999999994,1261.9405,14948.819999999998,9350,62,2248.25,35.02,26204.55,12.93
2020-10-16,14196.669999999998,4531.660000000002,100.94,14.315890410958904,1635.9221917808218,74.58246575342466,32124.349999999984,1520.665890410959,17927.780000000002,10450,76,2465.51,40.55,22212.12,16.45
2020-10-17,8224.48,2764.96,131.67525000000003,14.18375,1519.42,69.05250000000001,18002.600000000002,1373.5625000000002,9778.21,6600,42,2284.55,27.5,24194.85,15.1
2020-10-19,12071.419999999996,3816.0399999999972,122.10603174603179,25.563174603174616,1942.1884126984125,78.88031746031747,27803.669999999995,1794.5182539682546,15732.280000000002,8175,63,2136.44,104.6,23248.19,15.53
2020-10-20,18308.410000000007,5156.100000000003,79.55168316831683,23.24009900990099,1115.0404950495051,43.92465346534653,43122.39000000001,1012.2483168316833,24813.989999999987,16175,103,2161.46,62.4,26062.57,14.82
2020-10-21,14431.740000000002,4496.569999999996,108.33727272727273,9.167878787878788,1422.8257575757575,59.3010606060606,29852.460000000003,1305.3213636363637,15420.880000000003,9550,70,2246.74,50.65,23336.97,14.69
2020-10-22,16006.65,5129.780000000001,73.3043529411764,15.52858823529411,1385.3762352941178,63.86447058823531,36744.45999999999,1296.543294117647,20737.840000000007,13125,90,2560.81,42.38,23003.53,16.33
2020-10-23,10385.150000000007,2612.0900000000006,97.52842105263159,35.630877192982396,1295.3856140350877,42.7519298245614,24041.11,1162.227894736842,13655.960000000001,8750,60,1573.07,153.88,26340.33,13.97
2020-10-24,9504.33,3371.39,113.45652173913044,14.774565217391302,1193.874347826087,50.51804347826087,19178.109999999997,1065.640652173913,9673.78,7350,53,2154.74,63.3,25180.76,13.35
2020-10-26,12433.780000000006,4596.310000000002,90.29847457627119,14.347966101694897,1368.0783050847454,59.583220338983025,26397.17,1263.4320338983055,13963.470000000001,8500,67,2139.46,44.98,25630.15,13.75
2020-10-27,18284.40000000001,6262.880000000003,216.0701941747573,28.870291262135922,2062.7223300970873,52.7530097087379,42517.10999999998,1817.780776699029,24232.780000000002,14475,110,2207.83,27.77,25837.67,14.51
2020-10-28,7123.219999999998,1896.4500000000003,79.31605263157894,11.350526315789473,1119.2984210526315,47.36868421052632,17745.489999999998,1028.6331578947368,10622.3,6500,38,1700.82,80.97,24345.13,13.77
2020-10-29,7957.649999999997,2099.59,60.63809523809524,10.926666666666662,1082.192857142857,49.01642857142856,19480.9,1010.6283333333333,11523.28,7050,44,1464.36,82.26,26323.64,14.09
2020-10-30,8419.220000000003,2332.359999999999,80.77787234042553,29.5372340425532,1148.4587234042554,50.80127659574469,20262.15,1038.1436170212767,11843.01,7675,50,2184.89,67.66,24435.96,13.69
2020-10-31,13550.700000000003,4405.69,89.95643835616436,24.571780821917805,1187.3845205479452,46.064109589041095,31484.959999999992,1072.8567123287671,17934.330000000005,12275,73,2460.01,133.33,24779.44,15.24
2020-11-02,8394.150000000003,2569.02,97.273,9.813499999999996,1210.961,50.86375000000001,18754.48,1103.8754999999999,10360.43,6250,42,2607.95,60.11,23806.65,15.4
2020-11-03,9380.72,2511.75,87.41204081632654,17.692857142857143,1076.892244897959,42.663877551020406,22311.259999999995,971.7873469387754,12930.539999999997,8750,51,2313.63,29.12,24513.65,14.22
2020-11-04,8194.560000000003,2388.5800000000004,69.84469387755102,10.794897959183672,1019.2134693877551,39.9,18963.350000000002,938.5736734693878,10768.859999999997,7675,50,2342.53,60.98,27037.35,13.79
2020-11-05,12227.750000000002,4024.73,75.70854838709676,24.34532258064518,1549.7796774193548,72.32096774193549,29382.780000000006,1449.7267741935486,17155.06,8350,68,2425.98,25.23,24066.71,14.32
2020-11-06,13760.359999999999,4618.61,105.8588571428572,32.47357142857144,1158.0059999999999,52.327000000000005,30395.53999999998,1019.6737142857143,16635.19,9775,71,2250.37,91.11,24910.34,12.43
2020-11-09,16457.51,5664.710000000004,200.4488636363636,12.717272727272727,2831.5089772727274,130.86840909090904,37442.929999999986,2618.3436363636365,20985.550000000003,14175,89,1871.82,86.87,25856.31,12.14
2020-11-10,18328.05999999999,4946.300000000003,884.19359223301,9.8852427184466,2982.1710679611638,39.588834951456306,44403.61,2088.091650485437,26075.819999999985,15050,105,1954.74,79.72,26121.97,13.16
2020-11-11,8539.62,2596.4100000000017,82.10642857142858,22.54380952380952,1362.209523809524,64.74309523809525,19320.200000000004,1257.5609523809526,10780.719999999998,6150,43,2050.26,43.12,26209.71,13.07
2020-11-12,9885.349999999997,2704.5,82.19120000000001,21.2062,1264.8304,52.9456,23453.51999999999,1161.4336,13568.23,8250,53,2382.14,46.36,26275.78,12.36
2020-11-13,3694.4399999999996,667.5000000000002,44.3555,9.956500000000004,918.533,43.64,8681.4,864.2185,4987.01,2625,25,2063.05,38.55,22484.1,16.22
2020-11-16,11600.22,3036.6300000000006,85.8460344827586,18.459137931034483,1094.8449999999998,49.14396551724138,26434.550000000007,990.538448275862,14834.439999999999,8275,63,2667.52,61.6,25745.43,13.52
2020-11-17,13724.870000000004,4848.000000000001,63.295,18.69823529411765,1137.8211764705882,52.48485294117647,31903.199999999993,1055.8282352941176,18178.419999999995,10425,69,2374.88,34.9,23787.26,15.24
2020-11-18,15231.199999999988,5651.010000000005,231.18712643678163,15.994827586206892,2590.4554022988505,41.56873563218391,36490.829999999994,2343.2732183908047,21259.72000000001,13200,87,1819.37,116.71,28708.44,12.56
2020-11-19,15634.769999999995,4831.0400000000045,68.11764705882355,11.774352941176476,1265.5670588235294,61.16482352941178,36385.99999999999,1185.674588235294,20751.280000000006,13350,91,2544.94,73.67,27411.34,12.36
2020-11-20,12754.529999999999,4025.8399999999983,85.70826086956521,13.900144927536234,1215.5807246376812,47.05014492753624,28116.219999999994,1115.9740579710146,15361.700000000003,8750,72,2325.16,78.17,28336.12,12
2020-11-23,14750.769999999999,4021.5800000000036,71.13051948051945,26.6216883116883,1172.801038961039,45.24454545454545,34812.65,1075.0505194805194,20061.959999999995,11550,79,2637.3,77.86,26307.34,14.22
2020-11-24,10494.61,3004.090000000001,117.33068965517243,15.377931034482764,1871.5106896551722,102.17086206896549,25864.120000000006,1738.8010344827585,15369.709999999997,8600,59,1436.38,39.98,27573.26,12.65
2020-11-25,9435.050000000007,2946.630000000001,66.24759999999998,20.3314,1205.4928,55.7222,22754.100000000006,1118.9146,13319.119999999999,8350,53,1736.54,42.14,26546.68,13.1
2020-11-26,12930.05,3773.959999999999,63.93797297297295,16.911081081081083,1081.4378378378376,46.870270270270275,32561.45,1000.5899999999999,19631.420000000002,11075,74,2011.47,80.81,28363.59,12.52
2020-11-27,7456.789999999999,2129.290000000001,114.5535,12.49675,1384.3735,51.69875,17918.13000000001,1257.32725,10461.44,6350,42,1571.65,134.3,29640.5,11.73
2020-11-30,9410.779999999997,3201.479999999999,134.24945454545454,25.935636363636373,1762.0200000000002,74.27600000000001,22479.059999999994,1601.8321818181819,13068.399999999998,7425,59,1740.98,56.93,29991.45,11.46
2020-12-01,2161.34,561.29,60.43272727272727,19.837272727272726,1123.9345454545455,56.25454545454545,5368.419999999999,1043.6663636363637,3207.14,1700,12,1714.45,22.45,27429.82,13
